Week,Visitor,Home,Date,Winner,PtsW,PtsL,YdsW,YdsL,TOW,TOL
1,New England Patriots,Seattle Seahawks,2026-09-09,Seattle Seahawks,13,10,285,277,0,3
1,San Francisco 49ers,Los Angeles Rams,2026-09-10,San Francisco 49ers,27,7,379,290,1,2
1,Atlanta Falcons,Pittsburgh Steelers,2026-09-13,Pittsburgh Steelers,20,13,264,238,1,2
1,Buffalo Bills,Houston Texans,2026-09-13,Buffalo Bills,36,31,409,381,0,2
1,Chicago Bears,Carolina Panthers,2026-09-13,Chicago Bears,59,37,552,478,1,3
1,Tampa Bay Buccaneers,Cincinnati Bengals,2026-09-13,Cincinnati Bengals,33,27,351,282,1,4
1,Cleveland Browns,Jacksonville Jaguars,2026-09-13,Jacksonville Jaguars,34,10,360,272,0,2
1,Baltimore Ravens,Indianapolis Colts,2026-09-13,Baltimore Ravens,41,23,506,251,1,2
1,New Orleans Saints,Detroit Lions,2026-09-13,Detroit Lions,31,30,369,469,1,3
1,New York Jets,Tennessee Titans,2026-09-13,New York Jets,23,10,367,195,0,1
1,Arizona Cardinals,Los Angeles Chargers,2026-09-13,Arizona Cardinals,26,14,393,268,0,2
1,Green Bay Packers,Minnesota Vikings,2026-09-13,Minnesota Vikings,39,22,239,419,1,2
1,Miami Dolphins,Las Vegas Raiders,2026-09-13,Las Vegas Raiders,27,13,290,259,2,2
1,Washington Commanders,Philadelphia Eagles,2026-09-13,Philadelphia Eagles,24,22,318,295,0,0
1,Dallas Cowboys,New York Giants,2026-09-13,New York Giants,28,20,394,244,1,1
1,Denver Broncos,Kansas City Chiefs,2026-09-14,Kansas City Chiefs,31,10,392,176,1,2
2,Detroit Lions,Buffalo Bills,2026-09-17,Buffalo Bills,41,31,446,355,0,0
2,Green Bay Packers,New York Jets,2026-09-20,Green Bay Packers,20,17,199,285,1,0
2,Cleveland Browns,Tampa Bay Buccaneers,2026-09-20,Cleveland Browns,23,19,267,313,0,1
2,New Orleans Saints,Baltimore Ravens,2026-09-20,New Orleans Saints,24,17,298,312,0,1
2,Cincinnati Bengals,Houston Texans,2026-09-20,Cincinnati Bengals,20,6,267,374,0,0
2,Pittsburgh Steelers,New England Patriots,2026-09-20,New England Patriots,20,3,327,235,2,2
2,Minnesota Vikings,Chicago Bears,2026-09-20,Minnesota Vikings,9,3,246,297,0,2
2,Philadelphia Eagles,Tennessee Titans,2026-09-20,Philadelphia Eagles,24,20,341,291,2,0
2,Carolina Panthers,Atlanta Falcons,2026-09-20,Carolina Panthers,34,3,340,286,0,5
2,Jacksonville Jaguars,Denver Broncos,2026-09-20,Denver Broncos,20,13,392,268,1,1
2,Las Vegas Raiders,Los Angeles Chargers,2026-09-20,Las Vegas Raiders,26,14,305,310,1,3
2,Washington Commanders,Dallas Cowboys,2026-09-20,Dallas Cowboys,37,20,332,389,0,1
2,Seattle Seahawks,Arizona Cardinals,2026-09-20,Seattle Seahawks,31,7,381,151,1,1
2,Miami Dolphins,San Francisco 49ers,2026-09-20,San Francisco 49ers,35,13,382,284,0,0
2,Indianapolis Colts,Kansas City Chiefs,2026-09-20,Kansas City Chiefs,33,30,523,329,0,1
2,New York Giants,Los Angeles Rams,2026-09-21,Los Angeles Rams,28,6,481,182,2,1
3,Atlanta Falcons,Green Bay Packers,2026-09-24,Atlanta Falcons,35,14,498,328,1,1
3,Kansas City Chiefs,Miami Dolphins,2026-09-27,Kansas City Chiefs,24,10,334,329,1,2
3,Tennessee Titans,New York Giants,2026-09-27,New York Giants,12,7,238,262,0,2
3,Carolina Panthers,Cleveland Browns,2026-09-27,Cleveland Browns,21,18,259,360,1,1
3,Los Angeles Chargers,Buffalo Bills,2026-09-27,Buffalo Bills,24,16,350,348,5,1
3,Cincinnati Bengals,Pittsburgh Steelers,2026-09-27,Pittsburgh Steelers,30,27,411,352,1,2
3,New England Patriots,Jacksonville Jaguars,2026-09-27,Jacksonville Jaguars,35,6,315,317,1,3
3,Houston Texans,Indianapolis Colts,2026-09-27,Indianapolis Colts,19,17,300,223,3,0
3,New York Jets,Detroit Lions,2026-09-27,Detroit Lions,31,24,381,335,0,1
3,Seattle Seahawks,Washington Commanders,2026-09-27,Washington Commanders,33,31,258,437,0,3
3,Minnesota Vikings,Tampa Bay Buccaneers,2026-09-27,Minnesota Vikings,23,16,230,243,1,2
3,Arizona Cardinals,San Francisco 49ers,2026-09-27,San Francisco 49ers,36,30,437,365,1,0
3,Las Vegas Raiders,New Orleans Saints,2026-09-27,Las Vegas Raiders,35,27,340,381,1,4
3,Baltimore Ravens,Dallas Cowboys,2026-09-27,Baltimore Ravens,34,31,378,415,0,1
3,Los Angeles Rams,Denver Broncos,2026-09-27,Denver Broncos,30,26,257,482,1,2
3,Philadelphia Eagles,Chicago Bears,2026-09-28,Chicago Bears,27,7,375,248,0,3
4,Pittsburgh Steelers,Cleveland Browns,2026-10-01,Cleveland Browns,27,24,372,361,2,2
4,Indianapolis Colts,Washington Commanders,2026-10-04,Indianapolis Colts,30,13,257,317,2,1
4,Jacksonville Jaguars,Cincinnati Bengals,2026-10-04,Jacksonville Jaguars,22,17,323,437,0,2
4,New York Jets,Chicago Bears,2026-10-04,Chicago Bears,23,12,492,157,2,0
4,Arizona Cardinals,New York Giants,2026-10-04,New York Giants,36,24,319,270,3,3
4,Tennessee Titans,Baltimore Ravens,2026-10-04,Baltimore Ravens,24,18,384,297,0,2
4,Green Bay Packers,Tampa Bay Buccaneers,2026-10-04,Green Bay Packers,17,14,283,275,2,2
4,Los Angeles Rams,Philadelphia Eagles,2026-10-04,Los Angeles Rams,24,20,415,172,2,0
4,New England Patriots,Buffalo Bills,2026-10-04,New England Patriots,29,26,405,340,2,2
4,Dallas Cowboys,Houston Texans,2026-10-04,Dallas Cowboys,34,30,399,397,0,0
4,Miami Dolphins,Minnesota Vikings,2026-10-04,Minnesota Vikings,15,10,336,198,0,1
4,Denver Broncos,San Francisco 49ers,2026-10-04,San Francisco 49ers,24,14,358,296,0,1
4,Kansas City Chiefs,Las Vegas Raiders,2026-10-04,Kansas City Chiefs,30,27,399,437,0,2
4,Los Angeles Chargers,Seattle Seahawks,2026-10-04,Seattle Seahawks,30,23,286,301,1,4
4,Detroit Lions,Carolina Panthers,2026-10-04,Carolina Panthers,32,26,445,452,0,0
4,Atlanta Falcons,New Orleans Saints,2026-10-05,Atlanta Falcons,45,24,420,320,0,1
